name	address	website	archive_oldest	archive_newest	offers repair	First Price Date	First Price	First Price (Inflation adjusted)	First Price Source	Current Price Date	Current Price	Current Price Source	lat	lon
Mountainbiker.at	U-Bahn Bogen 142/150, 1090 Wien, Österreich, 1090 Wien	https://www.mountainbiker.at/	1999-10-09	2025-06-26	Yes	2018-ß8-14	145		https://web.archive.org/web/20180815172057/http://www.mountainbiker.at/shops/radservice-werkstatt	2025-07-23	300	https://www.mountainbiker.at/Unsere_Werkstatt
Fahrrad Trappl	Leystraße 75, 1200 Wien	http://www.fahrradtrappl.at	2003-07-22	2024-12-07	No prices online								48.237681	16.3839507
Ciclopia	Stiegengasse 20, 1060 Wien	http://ciclopia.at/	2002-03-28	2025-06-25	No prices online	2003-08-18			https://web.archive.org/web/20030818002526/http://www.ciclopia.at/pages/frameset.htm	2025-07-23		https://www.ciclopia.at/service.html	48.1988967	16.3568091
Citybiker	Lerchenfelder Straße 13, 1070 Wien	https://citybiker.at/	2006-12-05	2025-06-14	No prices online (No Current Price)	2018-09-04	79		https://web.archive.org/web/20180904002545/https://citybiker.at/pages/werkstatt	2025-07-23		https://citybiker.at/pages/fahrradwerkstatt	48.2064147	16.3531142
Roadbiker	Praterstraße 29, 1020 Wien	https://www.roadbiker.at/	2010-01-30	2025-05-24	Yes	2015-02-162	145		https://web.archive.org/web/20150216033302/http://www.mountainbiker.at/shops/radservice-werkstatt/	2025-07-23	189	https://roadbiker.at/services/	48.2146305	16.3837188
Bikers	Spittelauer Lände 12, 1090 Wien	https://www.bikers.wien/	2020-09-19	2025-06-27	Yes	2020-09-19	129		https://web.archive.org/web/20200919044523/https://www.bikers.wien/werkstatt/	2025-07-23	189	https://www.bikers.wien/werkstatt/	48.2348306	16.3608498
Oktosport	Bergengasse 6, 1220 Wien	https://www.oktosport.at/	2010-10-21	2025-06-22	Yes	2018-09-03	129		https://web.archive.org/web/20180903104715/https://www.oktosport.at/sommer/service/	2025-07-23	179	https://www.oktosport.at/sommer/service/	48.2151793	16.4732006
Bikestore Wien Süd	Perfektastraße 45, 1230 Wien	https://www.bikestore.cc/	2003-12-29	2025-06-26	Yes	2017-07-04	129		https://web.archive.org/web/20170704121615/http://www.bikestore.cc/pricelist/Werkstatt-Preise2015.pdf	2025-07-23	249	https://web.archive.org/web/20250708140406/https://www.trek-store-wien.at/werkstatt.php?kat=wkat6351177a88461	48.1366346	16.317471
The Vienna Bikekitchen	Goldschlagstraße 8, 1150 Wien	http://bikekitchen.net/	2008-01-16	2025-06-26	Non-commercial								48.1992427	16.3363648
Elektrobiker	Westbahnstraße 26, 1070 Wien	https://www.elektrobiker.com/	2009-04-08	2025-06-14	No prices online (No First Price)					2025-07-23	149	https://elektrobiker.com/pages/werkstatt	48.2021597	16.3445978
Kosteletzky GmbH	Weyringergasse 37, 1040 Wien	http://www.kosty-radsport.at/	2005-04-19	2024-01-17	Yes	2016-06-24	39		https://web.archive.org/web/20160624234554/http://www.kosty-radsport.at/index.php?page=default_templates	2022-11-27	39	https://web.archive.org/web/20221127180059/http://www.kosty-radsport.at/index.php?page=default_templates	48.18803	16.3742953
Donau Fritzi	Donaupromenade am Radweg , 1190 Wien	https://www.donau-fritzi.at/			No prices online
Bike Vienna	Hegelgasse 19, 1010 Wien	https://www.bikevienna.at/	2015-09-25	2025-07-22	Yes	2015-12-23	149	203,79	https://web.archive.org/web/20151223063159/http://www.bikevienna.at/service-2/werkstatt/	2025-07-23	199	https://www.bikevienna.at/werkstatt/	48.2023793	16.3743383
velo.wien Services e.U.	Troststraße 114;R3, 1100 Wien	https://velo.wien	2020-08-12	2025-04-27	Yes	2020-08-12	85		https://web.archive.org/web/20200812000627/https://velo.wien/fahrradwerkstatt/preise/	2025-07-23	145	https://velo.wien/fahrradwerkstatt/preise/
2radtreff.at	Breitenfurter Straße 270, 1230 Wien	https://www.2radtreff.at/	2007-04-27	2024-07-21	No prices online				https://web.archive.org/web/20160707163734fw_/http://www.2radtreff.at/service.html	2025-07-23		https://www.2radtreff.at/service-reparatur-details/	48.1444544	16.2932213
Enzovelo	Spittelauer Lände 11, 1090 Wien	https://www.enzovelo.at/	2008-04-21	2025-06-22	No prices online							https://enzovelo.at/?page_id=19	48.22791	16.3633148
Rad21	Brünner Straße 26-32/5/R1, 1210 Wien	http://www.rad21.at	2010-11-03	2024-07-17	Yes	2015-04-07	130		https://web.archive.org/web/20150407012955/http://www.rad21.at/2013/index.php?option=com_content&view=article&id=125&Itemid=134	2023-09-22	140	https://web.archive.org/web/20230922221203/http://www.rad21.at/2013/index.php?option=com_content&view=article&id=125&Itemid=134	48.2610478	16.4002981
Fahrrad + Ski	Linke Wienzeile 128, 1060 Wien	https://www.fahrrad-ski.at/	2010-01-27	2025-06-24	Yes	2015-03-06	89		https://web.archive.org/web/20150306193852/http://www.fahrrad-ski.at:80/service.php	2025-07-23	109	https://www.fahrrad-ski.at/fahrrad/fahrrad-service-wien.php	48.1910311	16.3526148
radshop.at	Neubaugürtel 31, 1150 Wien	https://www.radshop.at/	2002-03-25	2025-06-23	Yes	2017-06-11	49		https://web.archive.org/web/20170611194159/http://www.radshop.at/index.php/werkstatt-service	2025-07-23	65	https://www.radshop.at/fahrrad-werkstatt-service-radshop-wien	48.2022385	16.3367905
2rad-Shop Gerhardt	Wiedner Hauptstraße 55, 1040 Wien	https://www.2rad-shop.at/	2007-12-17	2025-06-25	Yes	2023-02-08	85,80		https://web.archive.org/web/20230208100957/https://2rad-shop.at/werkstaette-service/	2025-07-23	85,80	https://2rad-shop.at/werkstaette-service/	48.1915953	16.3671146
Mechaniker Marek	Ullmannstraße 65, 1150 Wien	https://www.fahrrad-mechaniker-marek.at			Yes	2017-06-24	60		https://web.archive.org/web/20170624131554/http://www.fahrrad-mechaniker-marek.at/	2017-12-09	60	https://web.archive.org/web/20171209223753/http://www.fahrrad-mechaniker-marek.at/	48.1850773	16.3300464
2Rad-Vesecky	Böcklinstraße 64-66, 1020 Wien	https://www.2rad-pv.at/			Yes	2020-08-11	60		https://web.archive.org/web/20200811134248/https://www.2rad-pv.at/service	2025-07-23	90	https://www.2rad-pv.at/service	48.2057283	16.398922
Galaxy	Hintere Zollamtsstraße 11, 1030 Wien	http://galaxy-fahrraeder.at/			Yes	2019-10-18	69,9		https://web.archive.org/web/20191018220518/http://www.galaxy-fahrraeder.at/service/reparatur-service	2023-09-26	124	https://web.archive.org/web/20230926093150/https://www.galaxy-fahrraeder.at/service/reparatur-service	48.2101432	16.3870805
Waffenradspezialist	Schlöglgasse 19, 1120 Wien	https://www.waffenrad.at/			Yes	2015-09-12	55		https://web.archive.org/web/20150912021915/http://www.waffenrad.at/fahradservice.htm	2025-07-23	55	https://www.waffenrad.at/fahradservice.htm	48.1679297	16.3129763
Cooperative Fahrrad	Gumpendorfer Straße 111, 1060 Wien	https://www.fahrrad.co.at/			No prices online							https://www.fahrrad.co.at/werkstatt/service-reparaturen/	48.1909686	16.3469517
Radhaus Singer	Reichsratsstraße 13, 1010 Wien	https://radhaussinger.com			No prices online							https://radhaussinger.com/	48.2129915	16.3587052
Rad & Tat	Fultonstraße 5-11/7/R1, 1210 Wien	https://radundtatwien.at			Yes	2020-09-29	159,9	202,11	https://web.archive.org/web/20200929112139/https://radundtatwien.at/fahrradservice-preise-wien/	2025-07-23	195,9	https://radundtatwien.at/fahrradservice-preise-wien/	48.2506588	16.4117445
Das Taschenfahrrad	Leopoldsgasse 28, 1020 Wien	https://www.dastaschenfahrrad.com/			Yes	2018-06-13	60	78,11	https://web.archive.org/web/20180613094010/http://www.dastaschenfahrrad.com/service.html	2025-07-23	90	https://www.dastaschenfahrrad.com/service.html	48.2181549	16.3770864
Bernhard Kohl Fahrrad & Fitness	Triester Straße 282-284, 1230 Wien	https://bernhardkohl.at/			Yes	2018-11-22	279	363,23	https://web.archive.org/web/20181122065447/https://bernhardkohl.at/service/radservice/	2025-07-23	360	https://bernhardkohl.at/werkstatt/rad-service/fully-premium-service	48.1324221	16.3220649
Radsport RIH	Praterstraße 48, 1020 Wien	https://radsport-rih.webnode.at			Does not offer service								48.2155277	16.3863845
Vello Bike	Neubaugasse 33, 1070 Wien	https://vello.bike			No prices online								48.2014934	16.3487497
Das Radhaus	Mittersteig 4, 1050 Wien	http://dasradhaus.at/			No prices online								48.1918909	16.3636715
Radort	Tandelmarktgasse 9, 1020 Wien	http://radort.at	2014-11-29	2019-11-28	No prices online	2016-04-02			https://web.archive.org/web/20160402210544/http://radort.at/?page_id=138	2019-02-10		https://web.archive.org/web/20190210143241/http://radort.at/?page_id=138	48.2173314	16.3792724
Dorfinger	Galvanigasse 19, 1210 Wien	https://www.2rad-dorfinger.at/			No prices online					2025-07-23		https://www.2rad-dorfinger.at/werkstatt	48.263912	16.3935362
VELETAGE - Salon für Radkultur	Praterstraße 13, 1020 Wien	https://veletage.com/			Yes	2025-07-25	35		https://web.archive.org/web/20250725015212/https://veletage.com/bike-fitting-and-co/Fahrradservice/372709?variant=2094620	2025-07-25	35	https://veletage.com/bike-fitting-and-co/Fahrradservice/372709?variant=2094620	48.2133232	16.3814861
Radmechaniker	Gredlerstraße 2, 1020 Wien	https://www.radmechaniker.at/			Yes	2017-08-27	96		https://web.archive.org/web/20170827090028/http://www.radmechaniker.at/werkstatt/	2018-07-24	79	https://web.archive.org/web/20180724114927/http://www.radmechaniker.at/werkstatt/	48.2137732	16.3781936
Reanimated Bikes	Westbahnstraße 35, 1070 Wien	https://www.reanimated-bikes.eu/			Yes	2017-06-24	49		https://web.archive.org/web/20170624170459/http://reanimated-bikes.com/fahrrad-reparatur-und-service/	2025-07-23	89	https://reanimated-bikes.com/fahrradservice/	48.201604	16.3411312
Radstube	Toldgasse 2/6, 1150 Wien	https://radstube.at/			Yes	2025-07-25	150		https://web.archive.org/web/20250725014810/https://radstube.at/preisliste	2025-07-25	150	https://radstube.at/preisliste	48.2011789	16.316342
Die kleine Fahrradwerkstatt	Yppenplatz 6, 1160 Wien	http://www.fahrradwerk.at			No prices online	2018-04-05			https://web.archive.org/web/20180405232307/http://fahrradwerk.at/#service	2025-07-23		https://fahrradwerk.at/fahrradwerkstatt/	48.2130049	16.3356468
Radwerkstatt	Hasnerstraße 6, 1160 Wien	https://www.radwerkstatt.at/			Yes	2021-05-30	76		https://web.archive.org/web/20210530170135/https://www.radwerkstatt.at/fahrrad-service	2025-07-23	110	https://www.radwerkstatt.at/fahrrad-service	48.2076477	16.3364959
fahrrad.selbsthilfe.werkstatt im WUK	Severingasse 12, 1090 Wien	https://fahrrad.wuk.at/			Non-commercial								48.2227763	16.3507275
Sator Bike Shop	Böcklinstraße 104, 1020 Wien	http://www.sator-bike.at/			Yes	2018-08-11	69		https://web.archive.org/web/20180811032658/http://www.fahrrad-wien.co.at/index.php/preisliste-sator-bike-fahrrad-wien-bicycle-focus-kalkhoff	2025-07-23	100	http://www.fahrrad-wien.co.at/index.php/preisliste-sator-bike-fahrrad-wien-bicycle-focus-kalkhoff	48.2031793	16.4038379
ig-fahrrad	Westbahnstraße 28, 1070 Wien	https://www.ig-fahrrad.at/			Yes	2019-02-27	75		https://web.archive.org/web/20190227074347/http://ig-fahrrad.at/service-reparaturen	2025-07-23	110	https://www.ig-fahrrad.at/fahrradservice/	48.202111	16.3443145
Thomas De Meza Fahrradmechaniker	Semperstraße 35, 1180 Wien	https://demeza.bike			Yes	2021-06-21	39		https://web.archive.org/web/20210621055807/https://demeza.bike/?Leistungen	2025-07-23	49	https://demeza.bike/?Leistungen	48.2273613	16.3484718
Stadtradler	Frankenberggasse 2-4, 1040 Wien	https://www.stadtradler.at/			Yes	2016-05-21	16		https://web.archive.org/web/20160521112746/http://www.stadtradler.at/repairs.html	2025-07-23	20	https://www.stadtradler.at/repairs.html	48.1973044	16.3698333
Klemens Schachinger (Wolfgang Brunner)	Degengasse 37, 1160 Wien				No website								48.2151815	16.3154707
Mistelbiker	Florianigasse 54, 1080 Wien	http://www.mistelbiker.at/			Yes	2017-06-18	55		https://web.archive.org/web/20170618180605/http://www.mistelbiker.at/service.htm	2025-07-23	95	https://www.mistelbiker.at/service.htm	48.2121953	16.3444096
2rad-shop Gerhardt	Langobardenstraße 19, 1220 Wien	https://www.2rad-shop.at/			Additional Location								48.2249613	16.4542392
Räderei	Neulinggasse 34, 1030 Wien	http://www.raederei.at			Yes	2018-09-03	48		https://web.archive.org/web/20180903224423/http://www.raederei.at/Unsere-Produkte/	2025-07-23	58	http://www.raederei.at/Werkstatt/	48.1991626	16.3865065
Re.bicycle	Widerhofergasse 5, 1090 Wien	https://www.reparaturnetzwerk.at			Non-commercial								48.2233748	16.35478
Fahrradmeister	Margaretenstraße 32, 1040 Wien	https://www.fahrradmeister.at/			Yes	2015-01-01	65	88,90	https://web.archive.org/web/20150101031248/http://www.fahrradmeister.at/fahrradservice.htm	2025-07-23	115	https://www.fahrradmeister.at/werkstatt	48.1961627	16.3642001
Zweirad Ortner bike & more	Untere Augartenstraße 32, 1020 Wien	www.zweiradortner.com			Yes	2016-11-09	80		https://web.archive.org/web/20161109033703/http://www.zweiradortner.com/leistungen/reparatur-wartung-und-service	2025-07-23	129	http://www.zweiradortner.com/leistungen/reparatur-wartung-und-service	48.2212307	16.373962
Argus Shop	Frankenberggasse 11, 1040 Wien	https://argusshop.org			No prices online								48.1973645	16.3681997
Metallhase.at	Mollardgasse 12A/5, 1060 Wien	https://www.metallhase.at/			No prices online								48.1928398	16.352473
Willinger Peugeot Fahrräder	Mollardgasse 20, 1060 Wien				No prices online								48.1918588	16.3517058
Radpunkt	Schmalzhofgasse 10, 1060 Wien	https://www.radpunkt.at/			Yes	2019-05-04	95		https://web.archive.org/web/20190504042210/https://www.radpunkt.at/	2025-07-23	119	https://www.radpunkt.at/#services	48.1958379	16.3468877
Maderna Cycle Systems - Werkstatt	Grundsteingasse 11, 1160 Wien	https://www.mcsbike.com/			Does not offer service								48.2095704	16.3373087
Rad&Service Oberlaa	Oberlaaer Straße 105, 1100 Wien	https://www.radserviceoberlaa.at/			Yes (Kettenblatt wechseln)	2022-05-17	29		https://web.archive.org/web/20220517132108/https://www.radserviceoberlaa.at/werkstattpreise/	2025-07-23	33	https://www.radserviceoberlaa.at/werkstattpreise/	48.1383285	16.395138
Faul Manfred Fahrradwerkstatt	Lorystraße 39, 1110 Wien				No website								48.1728689	16.4131571
Maroitalia	Schrutkagasse 6, 1130 Wien	https://www.maroitalia.com/			Does not offer service								48.182381	16.2798846
RLS Sport	Josef-Palme-Platz 2, 1140 Wien	http://www.rls-sport.at/			Yes	2016-06-08	120		https://web.archive.org/web/20160608211727/http://www.rls-sport.at/index.php?id=21	2025-07-23	145	https://www.rls-sport.at/index.php?id=3	48.2090641	16.212576
Fahrrad Eck	Gräffergasse 1, 1170 Wien	https://fahrrad-eck.at/			Yes	2021-03-04	99		https://web.archive.org/web/20210304132300/https://www.fahrrad-eck.at/fahrrad-service/	2025-07-23	109	https://fahrrad-eck.at/fahrrad-service/	48.2238142	16.3154469
Pbike	Jörgerstraße 31, 1170 Wien	https://www.pbike.at/			Yes	2017-04-07	129		https://web.archive.org/web/20170407014438/http://pbike.at/fahrradservice/#1459176102985-eab4a4f5-6bff	2025-07-23	209	https://www.pbike.at/premium-service-708	48.2174641	16.3365582
Fahrrad18	Schindlergasse 19, 1180 Wien	http://www.fahrrad18.at			No prices online (No Current Price)	2018-09-05	68		https://web.archive.org/web/20180905200834/http://fahrrad18.at/wordpress/?page_id=17	2025-07-23	-	https://fahrrad18.at/?page_id=27	48.2300512	16.325847
Beranek	Rathstraße 28, 1190 Wien				No website								48.2510255	16.3047259
Biber Sport Service	Soldanellenweg 53, 1220 Wien	https://bibersport.at/			Yes	2017-04-29	85		https://web.archive.org/web/20170429082833/http://bibersport.at/	2025-07-23	159	https://bibersport.at/sommer	48.2236354	16.4887934
RadStefan	Matznergasse 26, 1140 Wien				No website								48.1962401	16.3041164
Izi Ride	Neustiftgasse 135, 1070 Wien	https://iziride.at			No prices online								48.2058926	16.3401896
VeloCity	Ottakringer Straße 71, 1160 Wien	https://www.velo-city.at/			Yes (Hourly rate)	2025-07-23	90		https://www.velo-city.at/werkstatt.html	2025-07-23	90	https://www.velo-city.at/werkstatt.html	48.2135783	16.3285804
Fahrraddiscounter.at	Hernalser Hauptstraße 122, 1170 Wien	https://fahrraddiscounter.at/			Yes	2025-07-23	160		https://fahrraddiscounter.at/Fahrradwerkstatt-Hernals-Ottakring-Waehring	2025-07-23	160	https://fahrraddiscounter.at/Fahrradwerkstatt-Hernals-Ottakring-Waehring	48.2207985	16.3239607
Dr Bike	Maria-Tusch-Straße 9, 1220 Wien	http://www.dr-bike.at			Yes	2018-08-23	80		https://web.archive.org/web/20180823042349/https://dr-bike.at/Service.php	2024-08-13	80	https://web.archive.org/web/20240813051622/https://dr-bike.at/Service.php	48.2248359	16.4988808
m-way	Rennweg 21, 1030 Wien	https://m-way.at/			No prices online (No First Price)					2025-07-23	299	https://m-way.com/de-at/service/	48.1967194	16.3814046
Heavy Pedals	Am Hundsturm 1, 1050 Wien	https://heavypedals.at/			No prices online					2025-07-23		https://heavypedals.at/werkstatt/	48.1873143	16.3472505
velo peaches	Spitalgasse 3, 1090 Wien	https://www.velopeaches.com/			Yes	2023-05-31	199		https://web.archive.org/web/20230531095821/https://www.velopeaches.com/	2025-07-23	200	https://www.velopeaches.com/	48.2160487	16.3509687
Wien Rad	Krakauer Straße 23, 1020 Wien	https://wienrad.at/			Yes (Hourly rate)	2016-04-03	72		https://web.archive.org/web/20160403041215/http://wienrad.at/service/	2025-07-23	72	https://wienrad.at/service/	48.2270058	16.3962261
Popsykkel	Reindorfgasse 9, 1150 Wien	https://popsykkel.at/			No prices online					2025-07-23		https://www.popsykkel.at/#werkstatt	48.1883827	16.3304534
Radlheim-Fünfhaus	Dingelstedtgasse 2, 1150 Wien	https://radlheim.org/			No prices online								48.1940817	16.338172
Stadtwerkstatt	Skodagasse 1, 1080 Wien	https://alpenrad.at/			No prices online	2015-08-10			https://web.archive.org/web/20150810081111/http://alpenrad.at/die-stadtwerkstatt/	2025-07-23		https://alpenrad.at/die-stadtwerkstatt/	48.2116491	16.3446783
United In Cycling - Fahrradgeschäft & Werkstatt	Eva-Maria-Mazzucco-Platz 1, 1220 Wien	https://unitedincycling.com/			Yes	2017-06-16	120		https://web.archive.org/web/20170616215551/http://www.unitedincycling.com/Werkstatt	2025-07-23	192	https://unitedincycling.com/Werkstatt	48.225143	16.5046693
Glanzrad	Leopoldsgasse 21, 1020 Wien	https://www.glanzrad.com/			Yes	2021-09-21	79		https://web.archive.org/web/20210921043549/https://www.glanzrad.at/fahrradservice-fahrradreparatur/	2021-10-27	79	https://web.archive.org/web/20211027060135/https://www.glanzrad.at/fahrradservice-fahrradreparatur/	48.2196349	16.3768688
Cycloholics	Hütteldorfer Straße 36, 1150 Wien	https://www.cycloholics.at/			Yes	2018-09-28	135		https://web.archive.org/web/20180928024644/http://www.cycloholics.at/service/grosses-service-2/	2025-07-23	199	https://www.cycloholics.at/Gro%C3%9Fes_Service	48.1991471	16.3261159
Fahrradkeller	Roßauer Lände 33, 1090 Wien	https://fahrradkeller.at			Yes	2017-07-08	59		https://web.archive.org/web/20170708055145/http://fahrradkeller.at/service-reparatur/	2025-07-23	79	https://fahrradkeller.at/services/fahrrad-reparatur-service-wien/	48.2241605	16.3668736
Pbike	Boltzmanngasse 21, 1090 Wien	https://www.pbike.at			Additional Location								48.2247484	16.3566773
huberista	Erdbergstraße 22, 1030 Wien	https://www.huberista.com/			No prices online								48.202298	16.394572
Bikeservice	Rechte Wienzeile 249, 1120 Wien				No website								48.1852038	16.3208324
Bikely	Gablenzg. 17, 1150 Wien	https://www.bikelyshop.at/			No prices online					2025-07-23		https://www.bikelyshop.at/dienstleistungen/	48.2042415	16.3308278
Bike Shop Hohe Wand Wiese	Mauerbachstraße 174-184, 1140 Wien	https://morethanbike.at/			No prices online	2018-03-13			https://web.archive.org/web/20180313110314/http://www.morethanbike.at/service	2025-07-23		https://morethanbike.at/service/	48.2293974	16.202494
Velobis	Johnstraße 1-3, 1140 Wien	http://velobis.com/			Yes	2020-09-24	49		https://web.archive.org/web/20200924040357/http://velobis.com/fahrradwerkstatt/	2025-07-23	69	https://velobis.com/fahrradwerkstatt/	48.1926464	16.3162895
Oliver Holat	Rittersporngasse 80, 1220 Wien	http://www.radwerkstatt.wien/			No prices online								48.2249684	16.4691684
Mitico	Margaretenstraße 107, 1050 Wien	https://www.miticobikes.com/			Yes	2023-02-03	79		https://web.archive.org/web/20230203170347/https://www.miticobikes.com/werkstatt/fahrradservice/	2025-07-23	89	https://www.miticobikes.com/werkstatt/fahrradservice/	48.1888734	16.3545503
Fahrradstation	Eibesbrunnergasse 1, 1120 Wien	http://www.backwind.at/	2011-01-04	2025-05-13	No prices online								48.1718143	16.3376838
bike20	Friedrich-Engels-Platz 6, 1200 Wien	https://www.bike20.at/			Does not offer service								48.2460665	16.3778204
Church of Bikes	Florianigasse 68/2, 1080 Wien	https://www.churchofbikes.com/			Non-commercial							https://www.churchofbikes.com/wordpress/werkstatt/	48.2122113	16.3413302
Arizona Bike	Nussdorfer Straße 3, 1090 Wien	https://www.arizonabike.at	  		Yes	2020-09-30	129		https://web.archive.org/web/20200930072135/https://www.arizonabike.at/service-reparatur/	2025-07-23	129	https://arizonabike.at/service-reparatur/	48.2228841	16.3532905
Radgeber	Landstraßer Hauptstraße 173-175, 1030 Wien	https://www.radgeber.bike			No prices online								48.1900401	16.4009127
Fahrraddiscounter	Hernalser Hauptstraße 119, 1170 Wien	https://fahrraddiscounter.at/			Additional Location								48.2204806	16.3235388
Pedalus	Thaliastraße 152, 1160 Wien	https://www.pedalus.at/			No prices online	2014-03-05			https://web.archive.org/web/20140305143524/http://www.pedalus.at/de-at/fahrrad-service-wien/	2025-07-23		https://www.pedalus.at/service	48.2133834	16.3079782
Lemon Bike	Sonnwendgasse 38, 1100 Wien				No website								48.1783925	16.3796892
Die radwerkstatt	Margaretengürtel 134, 1050 Wien	https://www.dieradwerkstatt.at/			Yes (Hourly rate)	2015-09-26	65		https://web.archive.org/web/20150926120406/http://www.dieradwerkstatt.at/kosten	2025-07-23	120	https://www.dieradwerkstatt.at/preise/	48.1857132	16.3449706
Jugend am Werk	Altmannsdorfer Straße 109, 1120 Wien	https://www.jaw.at			Non-commercial								48.1618614	16.3179133
Maderna Cycle Systems - Geschäft	Grundsteingasse 11, 1160 Wien	https://www.mcsbike.com/			Does not offer service								48.2095704	16.3373087
VELLO Brand Store	Reinprechtsdorfer Straße 58-60, 1050 Wien	https://vello.bike			No prices online								48.1874924	16.3524923
Optimus Bike	Piaristengasse 14, 1080 Wien	https://www.optimus-bike.com/			Yes	2025-07-23	120		https://www.optimus-bike.com/fahrradservice/	2025-07-23	120	https://www.optimus-bike.com/fahrradservice/	48.2069623	16.3513119
der drehmoment	Dresdner Straße 136, 1200 Wien	https://der-drehmoment.at			Yes	2020-08-07	65		https://web.archive.org/web/20200807161104/https://www.der-drehmoment.at/	2025-07-23	105	https://www.der-drehmoment.at/	48.2293981	16.3876968
Radlfriseur	Herbststraße 24, 1160 Wien	https://www.radlfriseur.at/	2020-08-03		No prices online								48.2057463	16.3319315
Star Bike	Bruno-Marek-Allee 11, 1020 Wien	https://www.starbike.at			Yes	2016-03-23	145		https://web.archive.org/web/20160323180915/http://www.starbike.at/service-reparaturen/	2025-07-23	269	https://www.starbike.at/service-reparaturen/	48.2269664	16.3926742
Fahrradwerkstatt Flickschuh	Hetzendorfer Straße 81, 1120 Wien	https://flickschuh.wien/			No prices online	2020-08-12			https://web.archive.org/web/20200812182049/https://flickschuh.wien/	2025-07-23		https://flickschuh.wien/#service	48.167153	16.3083234
SG Velo	Gorskistraße 14/K6-7, 1230 Wien	https://www.sgvelo.at/			Yes	2022-05-28	165		https://web.archive.org/web/20220528012722/https://www.sgvelo.at/dienstleistungen/vintage-service-pakete/	2025-07-23	250	https://www.sgvelo.at/dienstleistungen/vintage-service-pakete/	48.1418708	16.3543739
Veloversum	Stumpergasse 40	https://www.veloversum.com/			Yes	2025-07-23	49	49	https://www.veloversum.com/service	2025-07-23	49	https://www.veloversum.com/service	48.1941665	16.3443603
Das Rad	Oberlaaer Straße 209	https://www.dasrad.at/			No prices online	2020-09-18			https://web.archive.org/web/20200918080857/https://www.dasrad.at/				48.142177	16.3852516
Cycle Factory 1130	Stadlergasse 1	https://www.cycle-factory.at/wien			Yes	2020-08-14	139		https://web.archive.org/web/20200814204945/https://www.cycle-factory.at/wien/werkstatt/	2025-07-23	179	https://www.cycle-factory.at/wien/werkstatt/	48.1814311	16.2853308
Fahrrad Lab					No website								34.220389	70.3800314
Fahrradtechnik Johannes Neugebauer	Neulinggasse 24, 1030 Wien				No website								48.1992259	16.3882961
Die Absteige	Ybbsstraße 26, 1020 Wien	https://lenkerbande.at/absteige-1020/			Does not offer service								48.2217384	16.3997971
Bikestore Servicecenter	Erzherzog-Karl-Straße 14, 1220 Wien	https://bikestore.cc/wien-1220			No prices online	2022-01-27			https://web.archive.org/web/20220127210802/https://bikestore.cc/bikestore/werkstatt.html	2025-07-23		https://bikestore.cc/werkstatttermin-vereinbaren.html	48.2380134	16.4326865
Repa-Rad-Tur.at	Bessemerstraße 38, 1210 Wien	https://www.repa-rad-tur.at			Yes	2024-10-14	120		https://web.archive.org/web/20241014123945/https://fahrrad-service-reparatur.at/service-reparatur.html	2025-07-23	120	https://fahrrad-service-reparatur.at/service-reparatur.html	48.2571769	16.4138801
Velotek	Wallensteinstraße 54/2, 1200 Wien	https://velotek.at/			No prices online	2020-08-03			https://web.archive.org/web/20200803181343/http://velotek.at/	2025-07-23		https://www.velotek.at/	48.2311438	16.3757581
Mei Radl Werkstatt	Heiligenstädter Str. 140, 1190 Wien	https://www.mei-radl.at/			No prices online	2020-08-08			https://web.archive.org/web/20200808051444/https://www.mei-radl.at/?page_id=12	2025-07-23		https://www.mei-radl.at/?page_id=12	48.2554588	16.3660501
Federelement					No website								34.220389	70.3800314
Christian Proschinger Fahrradtechnik e.U.	Röntgengasse 32, 1170 Wien, Österreich				No website								48.2256398	16.2872627
Walter Johann Knechtl - Die Fahrradtechnik	KLG Heuberggstätten Parz. 45, 1100 Wien				No website
Lenkerbande - Kompetenzzentrum für Bahnhofsräder	Emilie-Flöge-Weg 4, 1100 Wien	https://www.lenkerbande.at/			Does not offer service								48.1815079	16.3844932
Radplatz	Kaiserstraße 106, 1070 Wien	https://radplatz.at/			Yes	2020-06-26	79		https://web.archive.org/web/20200626155624/http://radplatz.at/leistungen-preise/	2025-07-23	79	https://radplatz.at/leistungen-preise/	48.2082047	16.3394586
Genniges Fahrräder	Margaretenstraße 96/1, 1050 Wien	https://www.genniges-fahrraeder.at/			No prices online	2022-02-10			https://web.archive.org/web/20220210141906/https://www.genniges-fahrraeder.at/	2025-07-23		https://www.genniges-fahrraeder.at/#werkstatt	48.1863252	16.3459077
Sport nach Mass	Novaragasse 49, 1020 Wien	https://sport-nach-mass.com			Does not offer service								48.2181874	16.3886811
La Bicicleta Verde	Engerthstraße 194, 1020 Wien	https://www.gruenesrad2.at/			No prices online	2020-09-29			https://web.archive.org/web/20200929204548/https://www.gruenesrad2.at/werkstatt	2025-07-23		https://www.gruenesrad2.at/abholservice	48.2231744	16.4045555
Rad-Bike	Heinestraße 32, 1020 Wien	https://rad-bike.at/			No prices online	2022-04-12			https://web.archive.org/web/20220412001215/https://rad-bike.at/	2025-07-23		https://rad-bike.at/	48.2190383	16.3878956
Scooteria	Anastasius-Grün-Gasse 11, 1180 Wien	https://scooteria.info			No prices online								48.229951	16.3482659
Bergspezl	Stiftgasse 5-9, 1070 Wien	https://bergspezl.at/			No prices online (No Current Price)	2017-07-05	119,9		https://web.archive.org/web/20170705021437/http://bergspezl.at/verleih-und-service	2025-07-23		https://bergspezl.at/werkstatt-service/fahrradwerkstatt/?force_sid=dhf28bthvb94mj3gudhjoif5a2	48.200964	16.3549236
2 Rad Helden	Hadikgasse 192, 1140 Wien	https://2radhelden.at			Yes	2021-04-11	199		https://web.archive.org/web/20210411185606/https://2radhelden.at/preisliste-werkstatt/	2023-12-07	299	https://web.archive.org/web/20231207103214/https://2radhelden.at/preisliste-werkstatt/	48.1925427	16.2786906
Bike City	Mariahilfer Straße 206, 1150 Wien	https://bikecity.at/			Does not offer service								48.1906363	16.323449
eBike now	Lazarettgasse 1, 1090 Wien	https://ebikenow.at			Yes	2021-06-25	50		https://web.archive.org/web/20210625035138/https://ebikenow.at/service/	2025-01-24	60	https://web.archive.org/web/20250124001502/https://ebikenow.at/service/	48.2183624	16.3511365
Flickerei	Turmburggasse 1, 1060 Wien	http://flickerei.at/			Non-commercial								48.1919735	16.3533277
Fahrradwelt	Hörnesgasse 19/3a, 1030 Wien				No website								48.2037237	16.3958661
's Radl	Sieveringer Straße 140, 1190 Wien	https://www.sradl.at			No prices online	2021-12-04			https://web.archive.org/web/20211204081723/https://www.sradl.at/	2025-07-23		https://www.sradl.at/services	48.2522835	16.3198564
FahrradFreundeFloridsdorf	Moritz-Dreger-Gasse 19, 1210 Wien	https://www.heilsarmee.at/fff			Non-commercial								48.2737062	16.4415788
Velosaloon	Märzstraße 156/4	https://www.velosaloon.com/			Does not offer service								48.1969792	16.3068308
Best Bike	Prager Straße 26, 1210 Wien	https://www.best-bike.at/			Does not offer service								48.2644008	16.3943786
Fahrrad-1050	Kohlgasse 51, 1050 Wien				No website								48.1876376	16.3510032
2Rad Service Vescky		https://www.2rad-pv.at/			Additional Location								34.220389	70.3800314
Fahrrad 1030		http://www.fahrrad-1030.at/			No prices online								34.220389	70.3800314
radbar	Kranzgasse 1	https://radbar.wien/			Yes	2021-10-17	49		https://web.archive.org/web/20211017033847/https://radbar.wien/modules/bike/werkstatt.php	2025-07-04	65	https://web.archive.org/web/20250704141039/https://www.radbar.wien/werkstatt/	48.1883654	16.3339228
Edis Fahrrad	Schönbrunner Straße 192, 1120 Wien	https://edisfahrrad.at//			Yes	2025-06-24	119		https://web.archive.org/web/20250624093004/https://edisfahrrad.at/reparatur/	2025-07-23	119	https://edisfahrrad.at/reparatur/	48.1853009	16.3365205
Radlheim Fünfhaus	Löhrgasse 3, 1150	https://radlheim.org/			No prices online								48.1983782	16.3370353
Fahrradwerkstatt Freudenau	Freudenauer Hafenstraße 27, 1020 Wien	http://fahrrad-freudenau.at			No prices online								48.1754967	16.4777458
Chainge	Lichtentaler G. 16-18, 1090 Wien	https://chainge.at/			Does not offer service								48.2272941	16.3587208
Michael Beck - Beckbikes	Müllnergasse 14, 1090 Wien	https://www.beckbikes.at/			Yes	2016-10-20	90		https://web.archive.org/web/20161020005507/http://beckbikes.at/service-reparatur/	2025-07-23	140	https://www.beckbikes.at/service-reparatur/	48.2216857	16.3635384
Seven Bike	Hannovergasse 12, 1200 Wien	https://www.sevenbike.at			No prices online								48.230391	16.3694209
Roadbiker	Linke Wienzeile 70, 1060 Wien	https://www.roadbiker.at/			Additional Location								48.1961343	16.3549423
Rahmenmanufaktur Morassi	Schlossgasse 18 Magazin, Nr.4, 1050 Wien	https://morassiframes.com/			Does not offer service
Artbauer	Rosenbursenstrasse 4, 1010 Wien	https://www.ktm-bikes-artbauer.at/			Yes	2021-10-26	110		https://web.archive.org/web/20211026175211/https://www.ktm-bikes-artbauer.at/service/	2025-07-23	179	https://ktm-bikes-artbauer.at/service/	48.2092543	16.3805876
JOVELO	Juchgasse 8, 1030 Wien				No website								48.1968626	16.3946454
Zweiradheimat	Ausstellungsstraße 33/1, 1020 Wien	http://www.zweiradheimat.at			No prices online	2024-01-17			https://web.archive.org/web/20240117041847/https://zweiradheimat.webflow.io/	2025-07-23		https://zweiradheimat.webflow.io/	48.2181752	16.40269
Velopold Vienna	Obermüllnerstraße 11, 1020 Wien	https://velopoldvienna.com/			Does not offer service								48.2196541	16.4028912
Limitedbikes		https://www.limitedbikes.at/			No prices online (No First Price)				https://web.archive.org/web/20240229154324/https://www.limitedbikes.at/werkstatt/	2025-07-23	159,9	https://www.limitedbikes.at/werkstatt/	34.220389	70.3800314
Stir Bike		https://stirbike.at			Yes	2023-12-07	179		https://web.archive.org/web/20231207092812/https://www.stirbike.at/service-pakete/	2025-07-23	209	https://www.stirbike.at/leistungen/servicepakete/	34.220389	70.3800314
NXT Cargobikes	Kaisermühlenstraße 8, 1220 Wien	https://nxtcargobikes.at/			No prices online	2023-12-01			https://web.archive.org/web/20231201022023/https://nxtcargobikes.at/repair/	2025-07-23		https://nxtcargobikes.at/repair/	48.2123492	16.4403151
fluidbike, Radwerkstatt und Institut für angewandtes Fahrradfahren	Obere Bahngasse 20, 1030 Wien	https://fluidbike.at/			Yes	2023-03-29	77		https://web.archive.org/web/20230329235514/https://fluidbike.at/services-und-preise.html	2025-07-23	77	https://fluidbike.at/services-und-preise.html	48.1919637	16.3904354
Die Radbox	Simmeringer Hauptstraße 142-150/5/R2, 1100 Wien	https://www.dieradbox.net/			No prices online (No Current Price)	2016-12-13	50		https://web.archive.org/web/20161213134531/http://www.dieradbox.net/preise.htm	2025-07-23		https://www.dieradbox.net/meine-leistungen/	48.1680635	16.4223426
CUBE Store Wien Ost by Multicycle	Jedletzbergerstraße 9, 1110 Wien	https://multicycle.at/cube-store-wien-ost/			Yes	2025-05-17	200		https://web.archive.org/web/20250517223557/https://www.multicycle.at/cms-reparatur.asp	2025-07-23	200	https://www.multicycle.at/cms-reparatur.asp	48.1708577	16.4593092
re.bicycle	Argentinierstraße 67, 1040 Wien	https://www.reparaturnetzwerk.at			Additional Location								48.1878643	16.377384
Fahrradwerkstatt Flickschuh	Hetzendorfer Straße 81, 1120 Wien	https://fahrradwerkstatt.flickschuh.wien/			No prices online					2025-07-23		https://fahrradwerkstatt.flickschuh.wien/#service	48.167153	16.3083234
Velobis	Johnstraße 1-3, 1140 Wien	https://velobis.com/fahrrad/			No prices online								48.1926464	16.3162895
Bikes and Rails	Emilie-Flöge-Weg 4, 1100 Wien	https://www.bikesandrails.org/wp/			Does not offer service								48.1815079	16.3844932
CUBE Store Wien West by Multicycle	Albert-Schweitzer-Gasse 7, 1140 Wien	https://www.multicycle.at/cube-store-wien-west/			Additional Location							https://www.multicycle.at/cms-reparatur.asp	48.2071854	16.2189354
Radbande Expositur	Ilgplatz 2, 1020 Wien	https://radbande.at/			No prices online								48.219413	16.4046002
Rad Fux	Springergasse 27, 1020 Wien	https://www.radfux.wien/			No prices online (No First Price)					2025-07-23	95	https://www.radfux.wien/service-plus/	48.2234425	16.3879841
Bentho eBikes	Lassallestraße 5, 1020 Wien	https://www.bentho.at/			No prices online (No First Price)					2025-07-23	249	https://www.bentho.at/en/werkstatt	48.2218567	16.3948243
Fahrrad + Ski	Linke Wienzeile 124, 1060 Wien	https://www.fahrrad-ski.at/			Additional Location								48.191359	16.3528299
Radbande	Emilie-Flöge-Weg 4/1	https://radbande.at/			Additional Location								48.1814394	16.3843872
Green Bike	Neubaugasse 80, 1070 Wien	https://green-bike.at/			No prices online (No First Price)					2025-07-23	24.9	https://myhellocash.com/widget/greenbike-164965	48.2053496	16.3492663
Werkstat	Treustraße 13	https://www.autoreparatur-wien.at/			No prices online								48.2274533	16.3678389
Brompton Junction Vienna		https://citybiker.at/			No prices online							https://citybiker.at/pages/fahrradwerkstatt	34.220389	70.3800314
Church of Bikes	Nussdorfer Straße 82, 1090 Wien	https://www.churchofbikes.com/			Non-commercial							https://www.churchofbikes.com/wordpress/werkstatt/	48.2294973	16.3547675
RadLiebe Werkstatt	Weyprechtgasse 10, 1160 Wien				No prices online								48.2142219	16.3347257
e-motion e-Bike Welt Wien	Lemböckgasse 53-55, 1230 Wien	https://emotion-technologies.at/wien/			No prices online					2025-07-23		https://emotion-technologies.at/wien/e-bike-service/	48.1336337	16.3098882
Bike + More HandelsgesmbH	Agavenweg 21, 1220 Wien	https://www.bikemore.at/			Yes	2021-04-21	139		https://web.archive.org/web/20210421045210/https://bikeandmore.tri-data.de/Leistungsbeschreibung	2025-07-23	139	https://bikeandmore.tri-data.de/Leistungsbeschreibung	48.2543211	16.4979785
Dieradstation	Am Hauptbahnhof 1, 1100 Wien	https://www.dieradstation.cc/			Yes	2017-03-31	30	39,84	https://web.archive.org/web/20170331072750/http://www.dieradstation.cc/service/	2025-07-23	48	https://www.dieradstation.cc/service/	48.1849883	16.3779391
